bta_name,aphia_id,taxon_level,genus,family,order,class,phylum,n_sites,total_abund,in_biotic,Size,LifeSpan,feedingmethod,mobility,growthform,Bioturbator,bio_none,bio_biodiff,bio_upward,bio_downward,bio_bioirr,bio_surf_mod,size<5,size_5_10,size_10_20,size_20_40,size_40_80,size>80,life<1,life_1_3,life_3_5,life_5_10,life>10,feed_deposit,feed_suspension,feed_detritus,feed_scavenger,feed_grazer,feed_predator,morph_soft,morph_tunic,morph_exoskeleton,morph_crustose,morph_cushion,morph_stalked,morph_endoskeleton,mob_fixed,mob_limited,mob_slow,mob_mobile,life_min,life_max
Owenia fusiformis,130544,species,Owenia,Oweniidae,NA,Polychaeta,Annelida,84,1043,TRUE,Small-medium(3-10cm),3-5 years,"Passive suspension feeder, Active suspension feeder, Surface deposit feeder, Sub-surface deposit feeder",Burrower,Vermiform segmented,Not researched,NA,NA,NA,NA,NA,NA,NA,NA,NA,1,1,1,NA,NA,3,NA,NA,1.5,1.5,NA,NA,NA,NA,NA,NA,NA,NA,NA,NA,NA,NA,NA,NA,NA,3,5
Amphiura filiformis,125080,species,Amphiura,Amphiuridae,Amphilepidida,Ophiuroidea,Echinodermata,66,901,TRUE,Medium(11-20 cm),11-20 years,"Passive suspension feeder, Active suspension feeder, Surface deposit feeder, Sub-surface deposit feeder","Crawler, Burrower","Radial, Stellate",NA,NA,NA,NA,NA,NA,NA,NA,NA,NA,NA,NA,3,NA,NA,NA,NA,3,1.5,1.5,NA,NA,NA,NA,NA,NA,NA,NA,NA,NA,NA,NA,NA,NA,NA,11,20
Abra alba,141433,species,Abra,Semelidae,Cardiida,Bivalvia,Mollusca,82,804,TRUE,Small(1-2cm),1-2 years,"Passive suspension feeder, Active suspension feeder, Surface deposit feeder, Sub-surface deposit feeder",Burrower,Bivalved,NA,NA,NA,NA,NA,NA,NA,NA,NA,3,NA,NA,NA,NA,3,NA,NA,NA,1.5,1.5,NA,NA,NA,NA,NA,NA,NA,NA,NA,NA,NA,NA,NA,NA,NA,1,2
Nematoda,799,genus,NA,NA,NA,NA,Nematoda,30,735,FALSE,NA,NA,NA,NA,NA,NA,NA,NA,NA,NA,NA,NA,NA,NA,NA,NA,NA,NA,NA,NA,NA,NA,NA,NA,NA,NA,NA,NA,NA,NA,NA,NA,NA,NA,NA,NA,NA,NA,NA,NA,NA,NA
Balanus crenatus,106215,species,Balanus,Balanidae,Balanomorpha,Thecostraca,Arthropoda,13,600,TRUE,Small(1-2cm),1-2 years,"Passive suspension feeder, Active suspension feeder",Permanent attachment,Conical,Not relevant,NA,NA,NA,NA,NA,NA,NA,NA,3,NA,NA,NA,NA,3,NA,NA,NA,NA,3,NA,NA,NA,NA,NA,NA,NA,NA,NA,NA,NA,NA,NA,NA,NA,1,2
Amphiuridae,123206,family,NA,Amphiuridae,Amphilepidida,Ophiuroidea,Echinodermata,68,505,FALSE,NA,NA,NA,NA,NA,NA,NA,NA,NA,NA,NA,NA,NA,NA,NA,NA,NA,NA,NA,NA,NA,NA,NA,NA,NA,NA,NA,NA,NA,NA,NA,NA,NA,NA,NA,NA,NA,NA,NA,NA,NA,NA
Leptochiton asellus,140199,species,Leptochiton,Leptochitonidae,Lepidopleurida,Polyplacophora,Mollusca,39,374,FALSE,Small(1-2cm),NA,NA,NA,NA,NA,NA,NA,NA,NA,NA,NA,NA,NA,3,NA,NA,NA,NA,NA,NA,NA,NA,NA,NA,NA,NA,NA,NA,NA,NA,NA,NA,NA,NA,NA,NA,NA,NA,NA,NA,NA
Gouldia minima,141916,species,Gouldia,Veneridae,Venerida,Bivalvia,Mollusca,30,372,FALSE,Small(1-2cm),NA,NA,NA,NA,NA,NA,NA,NA,NA,NA,NA,NA,NA,3,NA,NA,NA,NA,NA,NA,NA,NA,NA,NA,NA,NA,NA,NA,NA,NA,NA,NA,NA,NA,NA,NA,NA,NA,NA,NA,NA
Galathowenia oculata,146950,species,Galathowenia,Oweniidae,NA,Polychaeta,Annelida,56,368,FALSE,NA,NA,NA,NA,NA,NA,NA,NA,NA,NA,NA,NA,NA,NA,NA,NA,NA,NA,NA,NA,NA,NA,NA,NA,NA,NA,NA,NA,NA,NA,NA,NA,NA,NA,NA,NA,NA,NA,NA,NA,NA,NA
Spirobranchus triqueter,555935,species,Spirobranchus,Serpulidae,Sabellida,Polychaeta,Annelida,35,342,FALSE,NA,NA,NA,NA,NA,NA,NA,NA,NA,NA,NA,NA,NA,NA,NA,NA,NA,NA,NA,NA,NA,NA,NA,NA,NA,NA,NA,NA,NA,NA,NA,NA,NA,NA,NA,NA,NA,NA,NA,NA,NA,NA
Spiophanes kroyeri,131188,species,Spiophanes,Spionidae,Spionida,Polychaeta,Annelida,88,327,FALSE,NA,NA,NA,NA,NA,NA,NA,NA,NA,NA,NA,NA,NA,NA,NA,NA,NA,NA,NA,NA,NA,NA,NA,NA,NA,NA,NA,NA,NA,NA,NA,NA,NA,NA,NA,NA,NA,NA,NA,NA,NA,NA
Scalibregma inflatum,130980,species,Scalibregma,Scalibregmatidae,NA,Polychaeta,Annelida,60,320,TRUE,Small-medium(3-10cm),NA,"Surface deposit feeder, Sub-surface deposit feeder",Burrower,NA,NA,NA,NA,NA,NA,NA,NA,NA,NA,NA,1,1,1,NA,NA,NA,NA,NA,3,NA,NA,NA,NA,NA,NA,NA,NA,NA,NA,NA,NA,NA,NA,NA,NA,NA,NA
Turritellinella tricarinata,141872,species,Turritella,Turritellidae,Caenogastropoda incertae sedis,Gastropoda,Mollusca,22,317,FALSE,NA,NA,NA,NA,NA,NA,NA,NA,NA,NA,NA,NA,NA,NA,NA,NA,NA,NA,NA,NA,NA,NA,NA,NA,NA,NA,NA,NA,NA,NA,NA,NA,NA,NA,NA,NA,NA,NA,NA,NA,NA,NA
Lumbrineris cingulata,130240,species,Lumbrineris,Lumbrineridae,Eunicida,Polychaeta,Annelida,50,312,FALSE,NA,NA,NA,NA,NA,NA,NA,NA,NA,NA,NA,NA,NA,NA,NA,NA,NA,NA,NA,NA,NA,NA,NA,NA,NA,NA,NA,NA,NA,NA,NA,NA,NA,NA,NA,NA,NA,NA,NA,NA,NA,NA
Mediomastus fragilis,129892,species,Mediomastus,Capitellidae,NA,Polychaeta,Annelida,59,308,TRUE,Small-medium(3-10cm),Insufficient information,Sub-surface deposit feeder,Burrower,Vermiform segmented,Not researched,NA,NA,NA,NA,NA,NA,NA,NA,NA,1,1,1,NA,NA,NA,NA,NA,3,NA,NA,NA,NA,NA,NA,NA,NA,NA,NA,NA,NA,NA,NA,NA,NA,NA,NA
Lumbrineris,129337,genus,Lumbrineris,Lumbrineridae,Eunicida,Polychaeta,Annelida,41,286,FALSE,NA,NA,NA,NA,NA,NA,NA,NA,NA,NA,NA,NA,NA,NA,NA,NA,NA,NA,NA,NA,NA,NA,NA,NA,NA,NA,NA,NA,NA,NA,NA,NA,NA,NA,NA,NA,NA,NA,NA,NA,NA,NA
Nemertea,152391,genus,NA,NA,NA,NA,Nemertea,88,285,FALSE,NA,NA,NA,NA,NA,NA,NA,NA,NA,NA,NA,NA,NA,NA,NA,NA,NA,NA,NA,NA,NA,NA,NA,NA,NA,NA,NA,NA,NA,NA,NA,NA,NA,NA,NA,NA,NA,NA,NA,NA,NA,NA
Aonides paucibranchiata,131107,species,Aonides,Spionidae,Spionida,Polychaeta,Annelida,27,278,TRUE,Small-medium(3-10cm),NA,"Surface deposit feeder, Sub-surface deposit feeder",Burrower,NA,NA,NA,NA,NA,NA,NA,NA,NA,NA,NA,1,1,1,NA,NA,NA,NA,NA,3,NA,NA,NA,NA,NA,NA,NA,NA,NA,NA,NA,NA,NA,NA,NA,NA,NA,NA
Kurtiella bidentata,345281,species,Kurtiella,Lasaeidae,Galeommatida,Bivalvia,Mollusca,55,271,FALSE,NA,NA,NA,NA,NA,NA,NA,NA,NA,NA,NA,NA,NA,NA,NA,NA,NA,NA,NA,NA,NA,NA,NA,NA,NA,NA,NA,NA,NA,NA,NA,NA,NA,NA,NA,NA,NA,NA,NA,NA,NA,NA
Ennucula tenuis,140584,species,Ennucula,Nuculidae,Nuculida,Bivalvia,Mollusca,56,270,FALSE,Very small(<1cm),NA,NA,NA,NA,NA,NA,NA,NA,NA,NA,NA,1.5,1.5,NA,NA,NA,NA,NA,NA,NA,NA,NA,NA,NA,NA,NA,NA,NA,NA,NA,NA,NA,NA,NA,NA,NA,NA,NA,NA,NA,NA
Dosinia exoleta,141911,species,Dosinia,Veneridae,Venerida,Bivalvia,Mollusca,33,250,FALSE,Small-medium(3-10cm),NA,NA,NA,NA,NA,NA,NA,NA,NA,NA,NA,NA,NA,NA,1,1,1,NA,NA,NA,NA,NA,NA,NA,NA,NA,NA,NA,NA,NA,NA,NA,NA,NA,NA,NA,NA,NA,NA,NA,NA
Abra nitida,141435,species,Abra,Semelidae,Cardiida,Bivalvia,Mollusca,47,237,TRUE,Small(1-2cm),2-3 years,"Passive suspension feeder, Active suspension feeder, Surface deposit feeder, Sub-surface deposit feeder",NA,NA,NA,NA,NA,NA,NA,NA,NA,NA,NA,3,NA,NA,NA,NA,3,NA,NA,NA,1.5,1.5,NA,NA,NA,NA,NA,NA,NA,NA,NA,NA,NA,NA,NA,NA,NA,2,3
Echinocyamus pusillus,124273,species,Echinocyamus,Fibulariidae,Echinolampadacea,Echinoidea,Echinodermata,46,232,TRUE,Small(1-2cm),Insufficient information,"Surface deposit feeder, Sub-surface deposit feeder",Burrower,Globose,NA,NA,NA,NA,NA,NA,NA,NA,NA,3,NA,NA,NA,NA,NA,NA,NA,NA,3,NA,NA,NA,NA,NA,NA,NA,NA,NA,NA,NA,NA,NA,NA,NA,NA,NA,NA
Verruca stroemia,106257,species,Verruca,Verrucidae,Verrucomorpha,Thecostraca,Arthropoda,7,228,FALSE,NA,NA,NA,NA,NA,NA,NA,NA,NA,NA,NA,NA,NA,NA,NA,NA,NA,NA,NA,NA,NA,NA,NA,NA,NA,NA,NA,NA,NA,NA,NA,NA,NA,NA,NA,NA,NA,NA,NA,NA,NA,NA
Glycera lapidum,130123,species,Glycera,Glyceridae,Phyllodocida,Polychaeta,Annelida,54,223,TRUE,Small(1-2cm),NA,"Predator, Scavenger","Swimmer, Burrower",NA,NA,NA,NA,NA,NA,NA,NA,NA,NA,3,NA,NA,NA,NA,NA,NA,NA,NA,NA,NA,NA,1.5,NA,1.5,NA,NA,NA,NA,NA,NA,NA,NA,NA,NA,NA,NA,NA
Clausinella fasciata,141909,species,Clausinella,Veneridae,Venerida,Bivalvia,Mollusca,45,214,FALSE,NA,NA,NA,NA,NA,NA,NA,NA,NA,NA,NA,NA,NA,NA,NA,NA,NA,NA,NA,NA,NA,NA,NA,NA,NA,NA,NA,NA,NA,NA,NA,NA,NA,NA,NA,NA,NA,NA,NA,NA,NA,NA
Thyasira flexuosa,141662,species,Thyasira,Thyasiridae,Lucinida,Bivalvia,Mollusca,53,197,FALSE,Small(1-2cm),Insufficient information,NA,Burrower,Bivalved,NA,NA,NA,NA,NA,NA,NA,NA,NA,3,NA,NA,NA,NA,NA,NA,NA,NA,NA,NA,NA,NA,NA,NA,NA,NA,NA,NA,NA,NA,NA,NA,NA,NA,NA,NA,NA
Dosinia,138636,genus,Dosinia,Veneridae,Venerida,Bivalvia,Mollusca,26,195,FALSE,NA,NA,NA,NA,NA,NA,NA,NA,NA,NA,NA,NA,NA,NA,NA,NA,NA,NA,NA,NA,NA,NA,NA,NA,NA,NA,NA,NA,NA,NA,NA,NA,NA,NA,NA,NA,NA,NA,NA,NA,NA,NA
Abra,138474,genus,Abra,Semelidae,Cardiida,Bivalvia,Mollusca,35,189,FALSE,NA,NA,NA,NA,NA,NA,NA,NA,NA,NA,NA,NA,NA,NA,NA,NA,NA,NA,NA,NA,NA,NA,NA,NA,NA,NA,NA,NA,NA,NA,NA,NA,NA,NA,NA,NA,NA,NA,NA,NA,NA,NA
Pholoe baltica,130599,species,Pholoe,Sigalionidae,Phyllodocida,Polychaeta,Annelida,59,187,FALSE,NA,NA,NA,NA,NA,NA,NA,NA,NA,NA,NA,NA,NA,NA,NA,NA,NA,NA,NA,NA,NA,NA,NA,NA,NA,NA,NA,NA,NA,NA,NA,NA,NA,NA,NA,NA,NA,NA,NA,NA,NA,NA
Leptochiton cancellatus,140201,species,Leptochiton,Leptochitonidae,Lepidopleurida,Polyplacophora,Mollusca,20,182,FALSE,NA,NA,NA,NA,NA,NA,NA,NA,NA,NA,NA,NA,NA,NA,NA,NA,NA,NA,NA,NA,NA,NA,NA,NA,NA,NA,NA,NA,NA,NA,NA,NA,NA,NA,NA,NA,NA,NA,NA,NA,NA,NA
Aponuphis bilineata,130452,species,Aponuphis,Onuphidae,Eunicida,Polychaeta,Annelida,36,178,FALSE,NA,NA,NA,NA,NA,NA,NA,NA,NA,NA,NA,NA,NA,NA,NA,NA,NA,NA,NA,NA,NA,NA,NA,NA,NA,NA,NA,NA,NA,NA,NA,NA,NA,NA,NA,NA,NA,NA,NA,NA,NA,NA
Chaetozone setosa,129955,species,Chaetozone,Cirratulidae,Terebellida,Polychaeta,Annelida,56,173,TRUE,Small(1-2cm),1-2 years,"Surface deposit feeder, Sub-surface deposit feeder",Burrower,Vermiform segmented,Not researched,NA,NA,NA,NA,NA,NA,NA,NA,3,NA,NA,NA,NA,3,NA,NA,NA,3,NA,NA,NA,NA,NA,NA,NA,NA,NA,NA,NA,NA,NA,NA,NA,NA,1,2
Nephtys incisa,130362,species,Nephtys,Nephtyidae,Phyllodocida,Polychaeta,Annelida,53,169,TRUE,Small-medium(3-10cm),NA,"Surface deposit feeder, Sub-surface deposit feeder",NA,NA,NA,NA,NA,NA,NA,NA,NA,NA,NA,NA,1,1,1,NA,NA,NA,NA,NA,3,NA,NA,NA,NA,NA,NA,NA,NA,NA,NA,NA,NA,NA,NA,NA,NA,NA,NA
Nereimyra punctata,130185,species,Nereimyra,Hesionidae,Phyllodocida,Polychaeta,Annelida,35,168,TRUE,Small(1-2cm),NA,"Surface deposit feeder, Sub-surface deposit feeder",NA,NA,NA,NA,NA,NA,NA,NA,NA,NA,NA,3,NA,NA,NA,NA,NA,NA,NA,NA,3,NA,NA,NA,NA,NA,NA,NA,NA,NA,NA,NA,NA,NA,NA,NA,NA,NA,NA
Notomastus,129220,genus,Notomastus,Capitellidae,NA,Polychaeta,Annelida,63,162,FALSE,NA,NA,NA,NA,NA,NA,NA,NA,NA,NA,NA,NA,NA,NA,NA,NA,NA,NA,NA,NA,NA,NA,NA,NA,NA,NA,NA,NA,NA,NA,NA,NA,NA,NA,NA,NA,NA,NA,NA,NA,NA,NA
Amphictene auricoma,152448,species,Amphictene,Pectinariidae,Terebellida,Polychaeta,Annelida,54,156,FALSE,NA,NA,NA,NA,NA,NA,NA,NA,NA,NA,NA,NA,NA,NA,NA,NA,NA,NA,NA,NA,NA,NA,NA,NA,NA,NA,NA,NA,NA,NA,NA,NA,NA,NA,NA,NA,NA,NA,NA,NA,NA,NA
Amphictene auricoma,334415,species,Pectinaria,Pectinariidae,Terebellida,Polychaeta,Annelida,54,156,FALSE,NA,NA,NA,NA,NA,NA,NA,NA,NA,NA,NA,NA,NA,NA,NA,NA,NA,NA,NA,NA,NA,NA,NA,NA,NA,NA,NA,NA,NA,NA,NA,NA,NA,NA,NA,NA,NA,NA,NA,NA,NA,NA
Diplocirrus glaucus,130100,species,Diplocirrus,Flabelligeridae,Terebellida,Polychaeta,Annelida,56,154,FALSE,Small(1-2cm),NA,NA,NA,NA,NA,NA,NA,NA,NA,NA,NA,NA,NA,3,NA,NA,NA,NA,NA,NA,NA,NA,NA,NA,NA,NA,NA,NA,NA,NA,NA,NA,NA,NA,NA,NA,NA,NA,NA,NA,NA
Photis longicaudata,102383,species,Photis,Photidae,Amphipoda,Malacostraca,Arthropoda,33,151,TRUE,Very small(<1cm),NA,"Passive suspension feeder, Active suspension feeder","Swimmer, Burrower",NA,NA,NA,NA,NA,NA,NA,NA,1.5,1.5,NA,NA,NA,NA,NA,NA,NA,NA,NA,NA,3,NA,NA,NA,NA,NA,NA,NA,NA,NA,NA,NA,NA,NA,NA,NA,NA,NA
Modiolus,138223,genus,Modiolus,Modiolidae,Mytilida,Bivalvia,Mollusca,12,149,FALSE,NA,NA,NA,NA,NA,NA,NA,NA,NA,NA,NA,NA,NA,NA,NA,NA,NA,NA,NA,NA,NA,NA,NA,NA,NA,NA,NA,NA,NA,NA,NA,NA,NA,NA,NA,NA,NA,NA,NA,NA,NA,NA
Timoclea ovata,141929,species,Timoclea,Veneridae,Venerida,Bivalvia,Mollusca,43,140,TRUE,Small(1-2cm),NA,"Passive suspension feeder, Active suspension feeder",Crawler,NA,NA,NA,NA,NA,NA,NA,NA,NA,NA,3,NA,NA,NA,NA,NA,NA,NA,NA,NA,3,NA,NA,NA,NA,NA,NA,NA,NA,NA,NA,NA,NA,NA,NA,NA,NA,NA
Amphipholis squamata,125064,species,Amphipholis,Amphiuridae,Amphilepidida,Ophiuroidea,Echinodermata,21,128,FALSE,Small-medium(3-10cm),3-5 years,NA,Crawler,"Radial, Stellate",NA,NA,NA,NA,NA,NA,NA,NA,NA,NA,1,1,1,NA,NA,3,NA,NA,NA,NA,NA,NA,NA,NA,NA,NA,NA,NA,NA,NA,NA,NA,NA,NA,NA,3,5
Nucula nucleus,140590,species,Nucula,Nuculidae,Nuculida,Bivalvia,Mollusca,19,125,FALSE,NA,NA,NA,NA,NA,NA,NA,NA,NA,NA,NA,NA,NA,NA,NA,NA,NA,NA,NA,NA,NA,NA,NA,NA,NA,NA,NA,NA,NA,NA,NA,NA,NA,NA,NA,NA,NA,NA,NA,NA,NA,NA
Aonides oxycephala,131106,species,Aonides,Spionidae,Spionida,Polychaeta,Annelida,33,123,FALSE,NA,NA,NA,NA,NA,NA,NA,NA,NA,NA,NA,NA,NA,NA,NA,NA,NA,NA,NA,NA,NA,NA,NA,NA,NA,NA,NA,NA,NA,NA,NA,NA,NA,NA,NA,NA,NA,NA,NA,NA,NA,NA
Nototropis vedlomensis,102132,species,Atylus,Atylidae,Amphipoda,Malacostraca,Arthropoda,40,121,FALSE,NA,NA,NA,NA,NA,NA,NA,NA,NA,NA,NA,NA,NA,NA,NA,NA,NA,NA,NA,NA,NA,NA,NA,NA,NA,NA,NA,NA,NA,NA,NA,NA,NA,NA,NA,NA,NA,NA,NA,NA,NA,NA
Dasybranchus,129213,genus,Dasybranchus,Capitellidae,NA,Polychaeta,Annelida,36,120,FALSE,NA,NA,NA,NA,NA,NA,NA,NA,NA,NA,NA,NA,NA,NA,NA,NA,NA,NA,NA,NA,NA,NA,NA,NA,NA,NA,NA,NA,NA,NA,NA,NA,NA,NA,NA,NA,NA,NA,NA,NA,NA,NA
Polycirrus,129710,genus,Polycirrus,Terebellidae,Terebellida,Polychaeta,Annelida,51,119,FALSE,NA,NA,NA,NA,NA,NA,NA,NA,NA,NA,NA,NA,NA,NA,NA,NA,NA,NA,NA,NA,NA,NA,NA,NA,NA,NA,NA,NA,NA,NA,NA,NA,NA,NA,NA,NA,NA,NA,NA,NA,NA,NA
Nucula nitidosa,140589,species,Nucula,Nuculidae,Nuculida,Bivalvia,Mollusca,51,118,TRUE,Small(1-2cm),6-10 years,"Surface deposit feeder, Sub-surface deposit feeder","Crawler, Burrower",Bivalved,NA,NA,NA,NA,NA,NA,NA,NA,NA,3,NA,NA,NA,NA,NA,NA,3,NA,3,NA,NA,NA,NA,NA,NA,NA,NA,NA,NA,NA,NA,NA,NA,NA,NA,6,10
Pholoe inornata,130601,species,Pholoe,Sigalionidae,Phyllodocida,Polychaeta,Annelida,33,118,FALSE,NA,NA,NA,NA,NA,NA,NA,NA,NA,NA,NA,NA,NA,NA,NA,NA,NA,NA,NA,NA,NA,NA,NA,NA,NA,NA,NA,NA,NA,NA,NA,NA,NA,NA,NA,NA,NA,NA,NA,NA,NA,NA
Sphaerosyllis taylori,131394,species,Sphaerosyllis,Syllidae,Phyllodocida,Polychaeta,Annelida,11,117,FALSE,NA,NA,NA,NA,NA,NA,NA,NA,NA,NA,NA,NA,NA,NA,NA,NA,NA,NA,NA,NA,NA,NA,NA,NA,NA,NA,NA,NA,NA,NA,NA,NA,NA,NA,NA,NA,NA,NA,NA,NA,NA,NA
Phoronis,128545,genus,Phoronis,Phoronidae,NA,NA,Phoronida,48,116,FALSE,NA,NA,NA,NA,NA,NA,NA,NA,NA,NA,NA,NA,NA,NA,NA,NA,NA,NA,NA,NA,NA,NA,NA,NA,NA,NA,NA,NA,NA,NA,NA,NA,NA,NA,NA,NA,NA,NA,NA,NA,NA,NA
Nephtys kersivalensis,130363,species,Nephtys,Nephtyidae,Phyllodocida,Polychaeta,Annelida,56,114,FALSE,NA,NA,NA,NA,NA,NA,NA,NA,NA,NA,NA,NA,NA,NA,NA,NA,NA,NA,NA,NA,NA,NA,NA,NA,NA,NA,NA,NA,NA,NA,NA,NA,NA,NA,NA,NA,NA,NA,NA,NA,NA,NA
Synarachnactis lloydii,283798,species,Cerianthus,Cerianthidae,Ceriantharia,Hexacorallia,Cnidaria,31,113,FALSE,NA,NA,NA,NA,NA,NA,NA,NA,NA,NA,NA,NA,NA,NA,NA,NA,NA,NA,NA,NA,NA,NA,NA,NA,NA,NA,NA,NA,NA,NA,NA,NA,NA,NA,NA,NA,NA,NA,NA,NA,NA,NA
Hydroides norvegica,157437,species,Hydroides,Serpulidae,Sabellida,Polychaeta,Annelida,41,112,FALSE,NA,NA,NA,NA,NA,NA,NA,NA,NA,NA,NA,NA,NA,NA,NA,NA,NA,NA,NA,NA,NA,NA,NA,NA,NA,NA,NA,NA,NA,NA,NA,NA,NA,NA,NA,NA,NA,NA,NA,NA,NA,NA
Hydroides norvegica,381915,species,Serpula,Serpulidae,Sabellida,Polychaeta,Annelida,41,112,FALSE,NA,NA,NA,NA,NA,NA,NA,NA,NA,NA,NA,NA,NA,NA,NA,NA,NA,NA,NA,NA,NA,NA,NA,NA,NA,NA,NA,NA,NA,NA,NA,NA,NA,NA,NA,NA,NA,NA,NA,NA,NA,NA
Hydroides norvegica,131009,species,Hydroides,Serpulidae,Sabellida,Polychaeta,Annelida,41,112,FALSE,NA,NA,NA,NA,NA,NA,NA,NA,NA,NA,NA,NA,NA,NA,NA,NA,NA,NA,NA,NA,NA,NA,NA,NA,NA,NA,NA,NA,NA,NA,NA,NA,NA,NA,NA,NA,NA,NA,NA,NA,NA,NA
Terebellides stroemii,183466,species,Terebellides,Trichobranchidae,Terebellida,Polychaeta,Annelida,42,110,FALSE,Small-medium(3-10cm),NA,NA,NA,NA,NA,NA,NA,NA,NA,NA,NA,NA,NA,NA,1,1,1,NA,NA,NA,NA,NA,NA,NA,NA,NA,NA,NA,NA,NA,NA,NA,NA,NA,NA,NA,NA,NA,NA,NA,NA
Terebellides stroemii,131573,species,Terebellides,Trichobranchidae,Terebellida,Polychaeta,Annelida,42,110,FALSE,Small-medium(3-10cm),NA,NA,NA,NA,NA,NA,NA,NA,NA,NA,NA,NA,NA,NA,1,1,1,NA,NA,NA,NA,NA,NA,NA,NA,NA,NA,NA,NA,NA,NA,NA,NA,NA,NA,NA,NA,NA,NA,NA,NA
Lysianassa plumosa,102611,species,Lysianassa,Lysianassidae,Amphipoda,Malacostraca,Arthropoda,23,108,FALSE,NA,NA,NA,NA,NA,NA,NA,NA,NA,NA,NA,NA,NA,NA,NA,NA,NA,NA,NA,NA,NA,NA,NA,NA,NA,NA,NA,NA,NA,NA,NA,NA,NA,NA,NA,NA,NA,NA,NA,NA,NA,NA
Malmgrenia mcintoshi,130818,species,Malmgreniella,Polynoidae,Phyllodocida,Polychaeta,Annelida,22,103,FALSE,NA,NA,NA,NA,NA,NA,NA,NA,NA,NA,NA,NA,NA,NA,NA,NA,NA,NA,NA,NA,NA,NA,NA,NA,NA,NA,NA,NA,NA,NA,NA,NA,NA,NA,NA,NA,NA,NA,NA,NA,NA,NA
Malmgrenia mcintoshi,147007,species,Malmgrenia,Polynoidae,Phyllodocida,Polychaeta,Annelida,22,103,FALSE,NA,NA,NA,NA,NA,NA,NA,NA,NA,NA,NA,NA,NA,NA,NA,NA,NA,NA,NA,NA,NA,NA,NA,NA,NA,NA,NA,NA,NA,NA,NA,NA,NA,NA,NA,NA,NA,NA,NA,NA,NA,NA
Vaunthompsonia cristata,110467,species,Vaunthompsonia,Bodotriidae,Cumacea,Malacostraca,Arthropoda,12,101,FALSE,Very small(<1cm),NA,NA,NA,NA,NA,NA,NA,NA,NA,NA,NA,1.5,1.5,NA,NA,NA,NA,NA,NA,NA,NA,NA,NA,NA,NA,NA,NA,NA,NA,NA,NA,NA,NA,NA,NA,NA,NA,NA,NA,NA,NA
Sosane sulcata,129821,species,Sosane,Ampharetidae,Terebellida,Polychaeta,Annelida,17,99,FALSE,NA,NA,NA,NA,NA,NA,NA,NA,NA,NA,NA,NA,NA,NA,NA,NA,NA,NA,NA,NA,NA,NA,NA,NA,NA,NA,NA,NA,NA,NA,NA,NA,NA,NA,NA,NA,NA,NA,NA,NA,NA,NA
Alvania punctura,141230,species,Alvania,Rissoidae,Littorinimorpha,Gastropoda,Mollusca,9,97,FALSE,NA,NA,NA,NA,NA,NA,NA,NA,NA,NA,NA,NA,NA,NA,NA,NA,NA,NA,NA,NA,NA,NA,NA,NA,NA,NA,NA,NA,NA,NA,NA,NA,NA,NA,NA,NA,NA,NA,NA,NA,NA,NA
Edwardsia claparedii,100880,species,Edwardsia,Edwardsiidae,Actiniaria,Hexacorallia,Cnidaria,14,95,FALSE,NA,NA,NA,NA,NA,NA,NA,NA,NA,NA,NA,NA,NA,NA,NA,NA,NA,NA,NA,NA,NA,NA,NA,NA,NA,NA,NA,NA,NA,NA,NA,NA,NA,NA,NA,NA,NA,NA,NA,NA,NA,NA
Sapphirina,347103,genus,Edwardsia,Sapphirinidae,Cyclopoida,Copepoda,Arthropoda,26,91,FALSE,NA,NA,NA,NA,NA,NA,NA,NA,NA,NA,NA,NA,NA,NA,NA,NA,NA,NA,NA,NA,NA,NA,NA,NA,NA,NA,NA,NA,NA,NA,NA,NA,NA,NA,NA,NA,NA,NA,NA,NA,NA,NA
Thracia villosiuscula,141651,species,Thracia,Thraciidae,NA,Bivalvia,Mollusca,12,89,TRUE,Small(1-2cm),NA,"Passive suspension feeder, Active suspension feeder, Surface deposit feeder, Sub-surface deposit feeder",Burrower,NA,NA,NA,NA,NA,NA,NA,NA,NA,NA,3,NA,NA,NA,NA,NA,NA,NA,NA,1.5,1.5,NA,NA,NA,NA,NA,NA,NA,NA,NA,NA,NA,NA,NA,NA,NA,NA,NA
Praxillella affinis,130322,species,Praxillella,Maldanidae,NA,Polychaeta,Annelida,39,88,FALSE,NA,NA,NA,NA,NA,NA,NA,NA,NA,NA,NA,NA,NA,NA,NA,NA,NA,NA,NA,NA,NA,NA,NA,NA,NA,NA,NA,NA,NA,NA,NA,NA,NA,NA,NA,NA,NA,NA,NA,NA,NA,NA
Chaetoderma nitidulum,139106,species,Chaetoderma,Chaetodermatidae,Chaetodermatida,Caudofoveata,Mollusca,46,85,FALSE,NA,NA,NA,NA,NA,NA,NA,NA,NA,NA,NA,NA,NA,NA,NA,NA,NA,NA,NA,NA,NA,NA,NA,NA,NA,NA,NA,NA,NA,NA,NA,NA,NA,NA,NA,NA,NA,NA,NA,NA,NA,NA
Laonice bahusiensis,131127,species,Laonice,Spionidae,Spionida,Polychaeta,Annelida,31,85,FALSE,NA,NA,NA,NA,NA,NA,NA,NA,NA,NA,NA,NA,NA,NA,NA,NA,NA,NA,NA,NA,NA,NA,NA,NA,NA,NA,NA,NA,NA,NA,NA,NA,NA,NA,NA,NA,NA,NA,NA,NA,NA,NA
Moerella donacina,147021,species,Moerella,Tellinidae,Cardiida,Bivalvia,Mollusca,25,84,FALSE,NA,NA,NA,NA,NA,NA,NA,NA,NA,NA,NA,NA,NA,NA,NA,NA,NA,NA,NA,NA,NA,NA,NA,NA,NA,NA,NA,NA,NA,NA,NA,NA,NA,NA,NA,NA,NA,NA,NA,NA,NA,NA
Goniada maculata,130140,species,Goniada,Goniadidae,Phyllodocida,Polychaeta,Annelida,50,83,TRUE,Small-medium(3-10cm),NA,"Predator, Scavenger","Swimmer, Burrower",NA,NA,NA,NA,NA,NA,NA,NA,NA,NA,NA,1,1,1,NA,NA,NA,NA,NA,NA,NA,NA,1.5,NA,1.5,NA,NA,NA,NA,NA,NA,NA,NA,NA,NA,NA,NA,NA
Nephtys,129370,genus,Nephtys,Nephtyidae,Phyllodocida,Polychaeta,Annelida,46,83,FALSE,NA,NA,NA,NA,NA,NA,NA,NA,NA,NA,NA,NA,NA,NA,NA,NA,NA,NA,NA,NA,NA,NA,NA,NA,NA,NA,NA,NA,NA,NA,NA,NA,NA,NA,NA,NA,NA,NA,NA,NA,NA,NA
Edwardsiidae,100665,family,NA,Edwardsiidae,Actiniaria,Hexacorallia,Cnidaria,25,82,FALSE,NA,NA,NA,NA,NA,NA,NA,NA,NA,NA,NA,NA,NA,NA,NA,NA,NA,NA,NA,NA,NA,NA,NA,NA,NA,NA,NA,NA,NA,NA,NA,NA,NA,NA,NA,NA,NA,NA,NA,NA,NA,NA
Glycera unicornis,130127,species,Glycera,Glyceridae,Phyllodocida,Polychaeta,Annelida,53,80,FALSE,NA,NA,NA,NA,NA,NA,NA,NA,NA,NA,NA,NA,NA,NA,NA,NA,NA,NA,NA,NA,NA,NA,NA,NA,NA,NA,NA,NA,NA,NA,NA,NA,NA,NA,NA,NA,NA,NA,NA,NA,NA,NA
Glycera unicornis,130131,species,Glycera,Glyceridae,Phyllodocida,Polychaeta,Annelida,53,80,FALSE,NA,NA,NA,NA,NA,NA,NA,NA,NA,NA,NA,NA,NA,NA,NA,NA,NA,NA,NA,NA,NA,NA,NA,NA,NA,NA,NA,NA,NA,NA,NA,NA,NA,NA,NA,NA,NA,NA,NA,NA,NA,NA
Ampelisca tenuicornis,101930,species,Ampelisca,Ampeliscidae,Amphipoda,Malacostraca,Arthropoda,30,79,TRUE,Small-medium(3-10cm),1-2 years,"Passive suspension feeder, Active suspension feeder, Surface deposit feeder, Sub-surface deposit feeder","Swimmer, Burrower, Temporary attachment",Articulate,NA,NA,NA,NA,NA,NA,NA,NA,NA,NA,1,1,1,NA,3,NA,NA,NA,1.5,1.5,NA,NA,NA,NA,NA,NA,NA,NA,NA,NA,NA,NA,NA,NA,NA,1,2
Lumbrineridae,967,family,NA,Lumbrineridae,Eunicida,Polychaeta,Annelida,38,79,FALSE,NA,NA,NA,NA,NA,NA,NA,NA,NA,NA,NA,NA,NA,NA,NA,NA,NA,NA,NA,NA,NA,NA,NA,NA,NA,NA,NA,NA,NA,NA,NA,NA,NA,NA,NA,NA,NA,NA,NA,NA,NA,NA
Balanus balanus,106213,species,Balanus,Balanidae,Balanomorpha,Thecostraca,Arthropoda,7,78,FALSE,NA,NA,NA,NA,NA,NA,NA,NA,NA,NA,NA,NA,NA,NA,NA,NA,NA,NA,NA,NA,NA,NA,NA,NA,NA,NA,NA,NA,NA,NA,NA,NA,NA,NA,NA,NA,NA,NA,NA,NA,NA,NA
Thracioidea,382318,genus,NA,NA,NA,Bivalvia,Mollusca,17,78,FALSE,NA,NA,NA,NA,NA,NA,NA,NA,NA,NA,NA,NA,NA,NA,NA,NA,NA,NA,NA,NA,NA,NA,NA,NA,NA,NA,NA,NA,NA,NA,NA,NA,NA,NA,NA,NA,NA,NA,NA,NA,NA,NA
Malmgrenia marphysae,130817,species,Malmgreniella,Polynoidae,Phyllodocida,Polychaeta,Annelida,15,76,FALSE,NA,NA,NA,NA,NA,NA,NA,NA,NA,NA,NA,NA,NA,NA,NA,NA,NA,NA,NA,NA,NA,NA,NA,NA,NA,NA,NA,NA,NA,NA,NA,NA,NA,NA,NA,NA,NA,NA,NA,NA,NA,NA
Malmgrenia marphysae,152267,species,Malmgrenia,Polynoidae,Phyllodocida,Polychaeta,Annelida,15,76,FALSE,NA,NA,NA,NA,NA,NA,NA,NA,NA,NA,NA,NA,NA,NA,NA,NA,NA,NA,NA,NA,NA,NA,NA,NA,NA,NA,NA,NA,NA,NA,NA,NA,NA,NA,NA,NA,NA,NA,NA,NA,NA,NA
Sphaerodorum gracilis,131100,species,Sphaerodorum,Sphaerodoridae,Phyllodocida,Polychaeta,Annelida,11,70,FALSE,NA,NA,NA,NA,NA,NA,NA,NA,NA,NA,NA,NA,NA,NA,NA,NA,NA,NA,NA,NA,NA,NA,NA,NA,NA,NA,NA,NA,NA,NA,NA,NA,NA,NA,NA,NA,NA,NA,NA,NA,NA,NA
Euspira nitida,140539,species,Euspira,Naticidae,Littorinimorpha,Gastropoda,Mollusca,35,69,FALSE,NA,NA,NA,NA,NA,NA,NA,NA,NA,NA,NA,NA,NA,NA,NA,NA,NA,NA,NA,NA,NA,NA,NA,NA,NA,NA,NA,NA,NA,NA,NA,NA,NA,NA,NA,NA,NA,NA,NA,NA,NA,NA
Euspira nitida,151894,species,Euspira,Naticidae,Littorinimorpha,Gastropoda,Mollusca,35,69,FALSE,NA,NA,NA,NA,NA,NA,NA,NA,NA,NA,NA,NA,NA,NA,NA,NA,NA,NA,NA,NA,NA,NA,NA,NA,NA,NA,NA,NA,NA,NA,NA,NA,NA,NA,NA,NA,NA,NA,NA,NA,NA,NA
Hiatella arctica,140103,species,Hiatella,Hiatellidae,Adapedonta,Bivalvia,Mollusca,29,67,TRUE,Small-medium(3-10cm),NA,"Passive suspension feeder, Active suspension feeder",Permanent attachment,NA,NA,NA,NA,NA,NA,NA,NA,NA,NA,NA,1,1,1,NA,NA,NA,NA,NA,NA,3,NA,NA,NA,NA,NA,NA,NA,NA,NA,NA,NA,NA,NA,NA,NA,NA,NA
Gari tellinella,140873,species,Gari,Psammobiidae,Cardiida,Bivalvia,Mollusca,12,66,FALSE,NA,NA,NA,NA,NA,NA,NA,NA,NA,NA,NA,NA,NA,NA,NA,NA,NA,NA,NA,NA,NA,NA,NA,NA,NA,NA,NA,NA,NA,NA,NA,NA,NA,NA,NA,NA,NA,NA,NA,NA,NA,NA
Nephtys hombergii,130359,species,Nephtys,Nephtyidae,Phyllodocida,Polychaeta,Annelida,39,66,TRUE,Medium(11-20 cm),3-5 years,"Predator, Scavenger","Swimmer, Crawler, Burrower",Vermiform segmented,Diffusive mixing,NA,NA,NA,NA,NA,NA,NA,NA,NA,NA,NA,3,NA,NA,3,NA,NA,NA,NA,NA,1.5,NA,1.5,NA,NA,NA,NA,NA,NA,NA,NA,NA,NA,NA,3,5
Urothoe elegans,103228,species,Urothoe,Urothoidae,Amphipoda,Malacostraca,Arthropoda,18,65,TRUE,Very small(<1cm),NA,"Surface deposit feeder, Sub-surface deposit feeder","Swimmer, Burrower",NA,NA,NA,NA,NA,NA,NA,NA,1.5,1.5,NA,NA,NA,NA,NA,NA,NA,NA,NA,3,NA,NA,NA,NA,NA,NA,NA,NA,NA,NA,NA,NA,NA,NA,NA,NA,NA,NA
Protodorvillea kefersteini,130041,species,Protodorvillea,Dorvilleidae,Eunicida,Polychaeta,Annelida,13,63,TRUE,NA,NA,"Predator, Scavenger",NA,NA,NA,NA,NA,NA,NA,NA,NA,NA,NA,NA,NA,NA,NA,NA,NA,NA,NA,NA,NA,NA,NA,1.5,NA,1.5,NA,NA,NA,NA,NA,NA,NA,NA,NA,NA,NA,NA,NA
Pseudoprotella phasma,101871,species,Pseudoprotella,Caprellidae,Amphipoda,Malacostraca,Arthropoda,11,62,FALSE,NA,NA,NA,NA,NA,NA,NA,NA,NA,NA,NA,NA,NA,NA,NA,NA,NA,NA,NA,NA,NA,NA,NA,NA,NA,NA,NA,NA,NA,NA,NA,NA,NA,NA,NA,NA,NA,NA,NA,NA,NA,NA
Polynoidae,939,family,NA,Polynoidae,Phyllodocida,Polychaeta,Annelida,31,61,FALSE,NA,NA,NA,NA,NA,NA,NA,NA,NA,NA,NA,NA,NA,NA,NA,NA,NA,NA,NA,NA,NA,NA,NA,NA,NA,NA,NA,NA,NA,NA,NA,NA,NA,NA,NA,NA,NA,NA,NA,NA,NA,NA
Dosinia lupinus,141912,species,Dosinia,Veneridae,Venerida,Bivalvia,Mollusca,22,60,FALSE,Small-medium(3-10cm),NA,NA,NA,NA,NA,NA,NA,NA,NA,NA,NA,NA,NA,NA,1,1,1,NA,NA,NA,NA,NA,NA,NA,NA,NA,NA,NA,NA,NA,NA,NA,NA,NA,NA,NA,NA,NA,NA,NA,NA
Grania,137349,genus,Grania,Enchytraeidae,Enchytraeida,Clitellata,Annelida,8,60,FALSE,NA,NA,NA,NA,NA,NA,NA,NA,NA,NA,NA,NA,NA,NA,NA,NA,NA,NA,NA,NA,NA,NA,NA,NA,NA,NA,NA,NA,NA,NA,NA,NA,NA,NA,NA,NA,NA,NA,NA,NA,NA,NA
Apherusa bispinosa,102160,species,Apherusa,Calliopiidae,Amphipoda,Malacostraca,Arthropoda,8,59,FALSE,NA,NA,NA,NA,NA,NA,NA,NA,NA,NA,NA,NA,NA,NA,NA,NA,NA,NA,NA,NA,NA,NA,NA,NA,NA,NA,NA,NA,NA,NA,NA,NA,NA,NA,NA,NA,NA,NA,NA,NA,NA,NA
Socarnes erythrophthalmus,148560,species,Socarnes,Lysianassidae,Amphipoda,Malacostraca,Arthropoda,7,59,FALSE,NA,NA,NA,NA,NA,NA,NA,NA,NA,NA,NA,NA,NA,NA,NA,NA,NA,NA,NA,NA,NA,NA,NA,NA,NA,NA,NA,NA,NA,NA,NA,NA,NA,NA,NA,NA,NA,NA,NA,NA,NA,NA
Ampharete lindstroemi,129781,species,Ampharete,Ampharetidae,Terebellida,Polychaeta,Annelida,25,57,FALSE,NA,NA,NA,NA,NA,NA,NA,NA,NA,NA,NA,NA,NA,NA,NA,NA,NA,NA,NA,NA,NA,NA,NA,NA,NA,NA,NA,NA,NA,NA,NA,NA,NA,NA,NA,NA,NA,NA,NA,NA,NA,NA
Anomia ephippium,138748,species,Anomia,Anomiidae,Pectinida,Bivalvia,Mollusca,10,57,TRUE,Small-medium(3-10cm),NA,"Passive suspension feeder, Active suspension feeder",NA,NA,NA,NA,NA,NA,NA,NA,NA,NA,NA,NA,1,1,1,NA,NA,NA,NA,NA,NA,3,NA,NA,NA,NA,NA,NA,NA,NA,NA,NA,NA,NA,NA,NA,NA,NA,NA
Varicorbula gibba,139410,species,Corbula,Corbulidae,Myida,Bivalvia,Mollusca,22,57,FALSE,NA,NA,NA,NA,NA,NA,NA,NA,NA,NA,NA,NA,NA,NA,NA,NA,NA,NA,NA,NA,NA,NA,NA,NA,NA,NA,NA,NA,NA,NA,NA,NA,NA,NA,NA,NA,NA,NA,NA,NA,NA,NA
Cylichna cylindracea,139476,species,Cylichna,Cylichnidae,Cephalaspidea,Gastropoda,Mollusca,31,56,FALSE,Small(1-2cm),NA,NA,NA,NA,NA,NA,NA,NA,NA,NA,NA,NA,NA,3,NA,NA,NA,NA,NA,NA,NA,NA,NA,NA,NA,NA,NA,NA,NA,NA,NA,NA,NA,NA,NA,NA,NA,NA,NA,NA,NA
Nucula hanleyi,140588,species,Nucula,Nuculidae,Nuculida,Bivalvia,Mollusca,15,56,FALSE,NA,NA,NA,NA,NA,NA,NA,NA,NA,NA,NA,NA,NA,NA,NA,NA,NA,NA,NA,NA,NA,NA,NA,NA,NA,NA,NA,NA,NA,NA,NA,NA,NA,NA,NA,NA,NA,NA,NA,NA,NA,NA
Ampelisca diadema,101896,species,Ampelisca,Ampeliscidae,Amphipoda,Malacostraca,Arthropoda,24,55,TRUE,Small(1-2cm),1-2 years,"Passive suspension feeder, Active suspension feeder","Swimmer, Burrower, Temporary attachment",Articulate,NA,NA,NA,NA,NA,NA,NA,NA,NA,3,NA,NA,NA,NA,3,NA,NA,NA,NA,3,NA,NA,NA,NA,NA,NA,NA,NA,NA,NA,NA,NA,NA,NA,NA,1,2
Euclymene oerstedii,157376,species,Euclymene,Maldanidae,NA,Polychaeta,Annelida,12,55,FALSE,NA,NA,NA,NA,NA,NA,NA,NA,NA,NA,NA,NA,NA,NA,NA,NA,NA,NA,NA,NA,NA,NA,NA,NA,NA,NA,NA,NA,NA,NA,NA,NA,NA,NA,NA,NA,NA,NA,NA,NA,NA,NA
Euclymene oerstedii,130294,species,Euclymene,Maldanidae,NA,Polychaeta,Annelida,12,55,FALSE,NA,NA,NA,NA,NA,NA,NA,NA,NA,NA,NA,NA,NA,NA,NA,NA,NA,NA,NA,NA,NA,NA,NA,NA,NA,NA,NA,NA,NA,NA,NA,NA,NA,NA,NA,NA,NA,NA,NA,NA,NA,NA
Nereiphylla rubiginosa,130659,species,Nereiphylla,Phyllodocidae,Phyllodocida,Polychaeta,Annelida,14,54,FALSE,NA,NA,NA,NA,NA,NA,NA,NA,NA,NA,NA,NA,NA,NA,NA,NA,NA,NA,NA,NA,NA,NA,NA,NA,NA,NA,NA,NA,NA,NA,NA,NA,NA,NA,NA,NA,NA,NA,NA,NA,NA,NA
Lysidice unicornis,594957,species,Nematonereis,Eunicidae,Eunicida,Polychaeta,Annelida,19,53,FALSE,NA,NA,NA,NA,NA,NA,NA,NA,NA,NA,NA,NA,NA,NA,NA,NA,NA,NA,NA,NA,NA,NA,NA,NA,NA,NA,NA,NA,NA,NA,NA,NA,NA,NA,NA,NA,NA,NA,NA,NA,NA,NA
Lysidice unicornis,742232,species,Lysidice,Eunicidae,Eunicida,Polychaeta,Annelida,19,53,FALSE,NA,NA,NA,NA,NA,NA,NA,NA,NA,NA,NA,NA,NA,NA,NA,NA,NA,NA,NA,NA,NA,NA,NA,NA,NA,NA,NA,NA,NA,NA,NA,NA,NA,NA,NA,NA,NA,NA,NA,NA,NA,NA
Sphaerosyllis,129677,genus,Sphaerosyllis,Syllidae,Phyllodocida,Polychaeta,Annelida,7,53,FALSE,NA,NA,NA,NA,NA,NA,NA,NA,NA,NA,NA,NA,NA,NA,NA,NA,NA,NA,NA,NA,NA,NA,NA,NA,NA,NA,NA,NA,NA,NA,NA,NA,NA,NA,NA,NA,NA,NA,NA,NA,NA,NA
Harmothoe impar,130770,species,Harmothoe,Polynoidae,Phyllodocida,Polychaeta,Annelida,15,52,TRUE,Small(1-2cm),NA,"Predator, Scavenger",NA,NA,NA,NA,NA,NA,NA,NA,NA,NA,NA,3,NA,NA,NA,NA,NA,NA,NA,NA,NA,NA,NA,1.5,NA,1.5,NA,NA,NA,NA,NA,NA,NA,NA,NA,NA,NA,NA,NA
Ophiocomina nigra,125027,species,Ophiocomina,Ophiotomidae,Ophiacanthida,Ophiuroidea,Echinodermata,7,52,FALSE,NA,NA,NA,NA,NA,NA,NA,NA,NA,NA,NA,NA,NA,NA,NA,NA,NA,NA,NA,NA,NA,NA,NA,NA,NA,NA,NA,NA,NA,NA,NA,NA,NA,NA,NA,NA,NA,NA,NA,NA,NA,NA
Polycarpa,103538,genus,Polycarpa,Styelidae,Stolidobranchia,Ascidiacea,Chordata,9,52,FALSE,NA,NA,NA,NA,NA,NA,NA,NA,NA,NA,NA,NA,NA,NA,NA,NA,NA,NA,NA,NA,NA,NA,NA,NA,NA,NA,NA,NA,NA,NA,NA,NA,NA,NA,NA,NA,NA,NA,NA,NA,NA,NA
Glycera alba,130116,species,Glycera,Glyceridae,Phyllodocida,Polychaeta,Annelida,29,51,TRUE,Small-medium(3-10cm),NA,"Predator, Scavenger","Swimmer, Burrower",NA,NA,NA,NA,NA,NA,NA,NA,NA,NA,NA,1,1,1,NA,NA,NA,NA,NA,NA,NA,NA,1.5,NA,1.5,NA,NA,NA,NA,NA,NA,NA,NA,NA,NA,NA,NA,NA
Polygordius,129472,genus,Polygordius,Polygordiidae,NA,Polychaeta,Annelida,7,51,FALSE,NA,NA,NA,NA,NA,NA,NA,NA,NA,NA,NA,NA,NA,NA,NA,NA,NA,NA,NA,NA,NA,NA,NA,NA,NA,NA,NA,NA,NA,NA,NA,NA,NA,NA,NA,NA,NA,NA,NA,NA,NA,NA
Prionospio cirrifera,131153,species,Prionospio,Spionidae,Spionida,Polychaeta,Annelida,24,51,FALSE,NA,1 year,NA,NA,NA,NA,NA,NA,NA,NA,NA,NA,NA,NA,NA,NA,NA,NA,NA,NA,NA,NA,NA,NA,NA,NA,NA,NA,NA,NA,NA,NA,NA,NA,NA,NA,NA,NA,NA,NA,1,1
Chone filicaudata,558743,species,Paradialychone,Sabellidae,Sabellida,Polychaeta,Annelida,8,49,FALSE,NA,NA,NA,NA,NA,NA,NA,NA,NA,NA,NA,NA,NA,NA,NA,NA,NA,NA,NA,NA,NA,NA,NA,NA,NA,NA,NA,NA,NA,NA,NA,NA,NA,NA,NA,NA,NA,NA,NA,NA,NA,NA
Macrochaeta,129141,genus,Macrochaeta,Acrocirridae,Terebellida,Polychaeta,Annelida,10,48,FALSE,NA,NA,NA,NA,NA,NA,NA,NA,NA,NA,NA,NA,NA,NA,NA,NA,NA,NA,NA,NA,NA,NA,NA,NA,NA,NA,NA,NA,NA,NA,NA,NA,NA,NA,NA,NA,NA,NA,NA,NA,NA,NA
Pseudosyllis brevipennis,131464,species,Trypanosyllis,Syllidae,Phyllodocida,Polychaeta,Annelida,13,48,FALSE,NA,NA,NA,NA,NA,NA,NA,NA,NA,NA,NA,NA,NA,NA,NA,NA,NA,NA,NA,NA,NA,NA,NA,NA,NA,NA,NA,NA,NA,NA,NA,NA,NA,NA,NA,NA,NA,NA,NA,NA,NA,NA
Pseudosyllis brevipennis,335151,species,Trypanosyllis,Syllidae,Phyllodocida,Polychaeta,Annelida,13,48,FALSE,NA,NA,NA,NA,NA,NA,NA,NA,NA,NA,NA,NA,NA,NA,NA,NA,NA,NA,NA,NA,NA,NA,NA,NA,NA,NA,NA,NA,NA,NA,NA,NA,NA,NA,NA,NA,NA,NA,NA,NA,NA,NA
Testudinalia testudinalis,234208,species,Testudinalia,Lottiidae,Nacellida,Gastropoda,Mollusca,7,48,FALSE,NA,NA,NA,NA,NA,NA,NA,NA,NA,NA,NA,NA,NA,NA,NA,NA,NA,NA,NA,NA,NA,NA,NA,NA,NA,NA,NA,NA,NA,NA,NA,NA,NA,NA,NA,NA,NA,NA,NA,NA,NA,NA
Amphiura chiajei,125073,species,Amphiura,Amphiuridae,Amphilepidida,Ophiuroidea,Echinodermata,30,44,TRUE,Small-medium(3-10cm),6-10 years,"Surface deposit feeder, Sub-surface deposit feeder","Crawler, Burrower","Stellate, Radial",NA,NA,NA,NA,NA,NA,NA,NA,NA,NA,1,1,1,NA,NA,NA,3,NA,3,NA,NA,NA,NA,NA,NA,NA,NA,NA,NA,NA,NA,NA,NA,NA,NA,6,10
Leptocheirus hirsutimanus,102036,species,Leptocheirus,Corophiidae,Amphipoda,Malacostraca,Arthropoda,8,43,FALSE,Very small(<1cm),NA,NA,NA,NA,NA,NA,NA,NA,NA,NA,NA,1.5,1.5,NA,NA,NA,NA,NA,NA,NA,NA,NA,NA,NA,NA,NA,NA,NA,NA,NA,NA,NA,NA,NA,NA,NA,NA,NA,NA,NA,NA
Ophiura,123574,genus,Ophiura,Ophiuridae,Ophiurida,Ophiuroidea,Echinodermata,9,43,FALSE,NA,NA,NA,NA,NA,NA,NA,NA,NA,NA,NA,NA,NA,NA,NA,NA,NA,NA,NA,NA,NA,NA,NA,NA,NA,NA,NA,NA,NA,NA,NA,NA,NA,NA,NA,NA,NA,NA,NA,NA,NA,NA
Ascidiidae,103443,family,NA,Ascidiidae,Phlebobranchia,Ascidiacea,Chordata,9,42,FALSE,NA,NA,NA,NA,NA,NA,NA,NA,NA,NA,NA,NA,NA,NA,NA,NA,NA,NA,NA,NA,NA,NA,NA,NA,NA,NA,NA,NA,NA,NA,NA,NA,NA,NA,NA,NA,NA,NA,NA,NA,NA,NA
Cochlodesma praetenue,181373,species,Cochlodesma,Periplomatidae,NA,Bivalvia,Mollusca,12,42,FALSE,Small-medium(3-10cm),NA,NA,NA,NA,NA,NA,NA,NA,NA,NA,NA,NA,NA,NA,1,1,1,NA,NA,NA,NA,NA,NA,NA,NA,NA,NA,NA,NA,NA,NA,NA,NA,NA,NA,NA,NA,NA,NA,NA,NA
Dipolydora coeca,146933,species,Polydora,Spionidae,Spionida,Polychaeta,Annelida,25,42,FALSE,NA,NA,NA,NA,NA,NA,NA,NA,NA,NA,NA,NA,NA,NA,NA,NA,NA,NA,NA,NA,NA,NA,NA,NA,NA,NA,NA,NA,NA,NA,NA,NA,NA,NA,NA,NA,NA,NA,NA,NA,NA,NA
Dipolydora coeca,131117,species,Dipolydora,Spionidae,Spionida,Polychaeta,Annelida,25,42,FALSE,NA,NA,NA,NA,NA,NA,NA,NA,NA,NA,NA,NA,NA,NA,NA,NA,NA,NA,NA,NA,NA,NA,NA,NA,NA,NA,NA,NA,NA,NA,NA,NA,NA,NA,NA,NA,NA,NA,NA,NA,NA,NA
Spisula solida,140301,species,Spisula,Mactridae,Venerida,Bivalvia,Mollusca,12,42,TRUE,Small-medium(3-10cm),6-10 years,"Passive suspension feeder, Active suspension feeder","Crawler, Burrower",Bivalved,NA,NA,NA,NA,NA,NA,NA,NA,NA,NA,1,1,1,NA,NA,NA,3,NA,NA,3,NA,NA,NA,NA,NA,NA,NA,NA,NA,NA,NA,NA,NA,NA,NA,6,10
Chaetozone zetlandica,129948,species,Caulleriella,Cirratulidae,Terebellida,Polychaeta,Annelida,25,41,FALSE,NA,NA,NA,NA,NA,NA,NA,NA,NA,NA,NA,NA,NA,NA,NA,NA,NA,NA,NA,NA,NA,NA,NA,NA,NA,NA,NA,NA,NA,NA,NA,NA,NA,NA,NA,NA,NA,NA,NA,NA,NA,NA
Chaetozone zetlandica,336485,species,Chaetozone,Cirratulidae,Terebellida,Polychaeta,Annelida,25,41,FALSE,NA,NA,NA,NA,NA,NA,NA,NA,NA,NA,NA,NA,NA,NA,NA,NA,NA,NA,NA,NA,NA,NA,NA,NA,NA,NA,NA,NA,NA,NA,NA,NA,NA,NA,NA,NA,NA,NA,NA,NA,NA,NA
Mytilus edulis,140480,species,Mytilus,Mytilidae,Mytilida,Bivalvia,Mollusca,4,41,TRUE,Medium(11-20 cm),21-50 years,"Passive suspension feeder, Active suspension feeder","Temporary attachment, Permanent attachment",Bivalved,Not relevant,NA,NA,NA,NA,NA,NA,NA,NA,NA,NA,NA,3,NA,NA,NA,NA,3,NA,3,NA,NA,NA,NA,NA,NA,NA,NA,NA,NA,NA,NA,NA,NA,NA,21,50
Ophiuridae,123200,family,NA,Ophiuridae,Ophiurida,Ophiuroidea,Echinodermata,18,41,FALSE,NA,NA,NA,NA,NA,NA,NA,NA,NA,NA,NA,NA,NA,NA,NA,NA,NA,NA,NA,NA,NA,NA,NA,NA,NA,NA,NA,NA,NA,NA,NA,NA,NA,NA,NA,NA,NA,NA,NA,NA,NA,NA
Abludomelita obtusata,102788,species,Abludomelita,Melitidae,Amphipoda,Malacostraca,Arthropoda,22,39,TRUE,Very small(<1cm),NA,"Surface deposit feeder, Sub-surface deposit feeder","Swimmer, Burrower",NA,NA,NA,NA,NA,NA,NA,NA,1.5,1.5,NA,NA,NA,NA,NA,NA,NA,NA,NA,3,NA,NA,NA,NA,NA,NA,NA,NA,NA,NA,NA,NA,NA,NA,NA,NA,NA,NA
Animoceradocus semiserratus,531364,species,Animoceradocus,Maeridae,Amphipoda,Malacostraca,Arthropoda,12,39,FALSE,NA,NA,NA,NA,NA,NA,NA,NA,NA,NA,NA,NA,NA,NA,NA,NA,NA,NA,NA,NA,NA,NA,NA,NA,NA,NA,NA,NA,NA,NA,NA,NA,NA,NA,NA,NA,NA,NA,NA,NA,NA,NA
Animoceradocus semiserratus,102792,species,Ceradocus,Maeridae,Amphipoda,Malacostraca,Arthropoda,12,39,FALSE,NA,NA,NA,NA,NA,NA,NA,NA,NA,NA,NA,NA,NA,NA,NA,NA,NA,NA,NA,NA,NA,NA,NA,NA,NA,NA,NA,NA,NA,NA,NA,NA,NA,NA,NA,NA,NA,NA,NA,NA,NA,NA
Thracia,138549,genus,Thracia,Thraciidae,NA,Bivalvia,Mollusca,7,38,FALSE,NA,NA,NA,NA,NA,NA,NA,NA,NA,NA,NA,NA,NA,NA,NA,NA,NA,NA,NA,NA,NA,NA,NA,NA,NA,NA,NA,NA,NA,NA,NA,NA,NA,NA,NA,NA,NA,NA,NA,NA,NA,NA
Chamelea striatula,141908,species,Chamelea,Veneridae,Venerida,Bivalvia,Mollusca,11,37,FALSE,NA,NA,NA,NA,NA,NA,NA,NA,NA,NA,NA,NA,NA,NA,NA,NA,NA,NA,NA,NA,NA,NA,NA,NA,NA,NA,NA,NA,NA,NA,NA,NA,NA,NA,NA,NA,NA,NA,NA,NA,NA,NA
Thracia phaseolina,152378,species,Thracia,Thraciidae,NA,Bivalvia,Mollusca,12,37,FALSE,NA,NA,NA,NA,NA,NA,NA,NA,NA,NA,NA,NA,NA,NA,NA,NA,NA,NA,NA,NA,NA,NA,NA,NA,NA,NA,NA,NA,NA,NA,NA,NA,NA,NA,NA,NA,NA,NA,NA,NA,NA,NA
Ampelisca brevicornis,101891,species,Ampelisca,Ampeliscidae,Amphipoda,Malacostraca,Arthropoda,21,36,TRUE,Small(1-2cm),1-2 years,"Passive suspension feeder, Active suspension feeder, Surface deposit feeder, Sub-surface deposit feeder","Swimmer, Crawler",Articulate,NA,NA,NA,NA,NA,NA,NA,NA,NA,3,NA,NA,NA,NA,3,NA,NA,NA,1.5,1.5,NA,NA,NA,NA,NA,NA,NA,NA,NA,NA,NA,NA,NA,NA,NA,1,2
Parvicardium scabrum,139012,species,Parvicardium,Cardiidae,Cardiida,Bivalvia,Mollusca,17,36,TRUE,Small(1-2cm),NA,"Passive suspension feeder, Active suspension feeder",Burrower,NA,NA,NA,NA,NA,NA,NA,NA,NA,NA,3,NA,NA,NA,NA,NA,NA,NA,NA,NA,3,NA,NA,NA,NA,NA,NA,NA,NA,NA,NA,NA,NA,NA,NA,NA,NA,NA
Phaxas pellucidus,140737,species,Phaxas,Pharidae,Adapedonta,Bivalvia,Mollusca,21,36,TRUE,Small-medium(3-10cm),Insufficient information,"Passive suspension feeder, Active suspension feeder",Burrower,Bivalved,NA,NA,NA,NA,NA,NA,NA,NA,NA,NA,1,1,1,NA,NA,NA,NA,NA,NA,3,NA,NA,NA,NA,NA,NA,NA,NA,NA,NA,NA,NA,NA,NA,NA,NA,NA
Harmothoe,129491,genus,Harmothoe,Polynoidae,Phyllodocida,Polychaeta,Annelida,20,35,FALSE,NA,NA,NA,NA,NA,NA,NA,NA,NA,NA,NA,NA,NA,NA,NA,NA,NA,NA,NA,NA,NA,NA,NA,NA,NA,NA,NA,NA,NA,NA,NA,NA,NA,NA,NA,NA,NA,NA,NA,NA,NA,NA
Modiolus modiolus,140467,species,Modiolus,Modiolidae,Mytilida,Bivalvia,Mollusca,9,35,TRUE,Medium(11-20 cm),51-100 years,"Passive suspension feeder, Active suspension feeder","Temporary attachment, Permanent attachment",Bivalved,NA,NA,NA,NA,NA,NA,NA,NA,NA,NA,NA,NA,3,NA,NA,NA,NA,3,NA,3,NA,NA,NA,NA,NA,NA,NA,NA,NA,NA,NA,NA,NA,NA,NA,51,100
Ampelisca,101445,genus,Ampelisca,Ampeliscidae,Amphipoda,Malacostraca,Arthropoda,21,34,FALSE,NA,NA,NA,NA,NA,NA,NA,NA,NA,NA,NA,NA,NA,NA,NA,NA,NA,NA,NA,NA,NA,NA,NA,NA,NA,NA,NA,NA,NA,NA,NA,NA,NA,NA,NA,NA,NA,NA,NA,NA,NA,NA
Ampharetidae,981,family,NA,Ampharetidae,Terebellida,Polychaeta,Annelida,19,34,FALSE,NA,NA,NA,NA,NA,NA,NA,NA,NA,NA,NA,NA,NA,NA,NA,NA,NA,NA,NA,NA,NA,NA,NA,NA,NA,NA,NA,NA,NA,NA,NA,NA,NA,NA,NA,NA,NA,NA,NA,NA,NA,NA
Arctica islandica,138802,species,Arctica,Arcticidae,Venerida,Bivalvia,Mollusca,19,34,TRUE,Medium(11-20 cm),100+ years,"Passive suspension feeder, Active suspension feeder, Surface deposit feeder, Sub-surface deposit feeder",Burrower,Bivalved,NA,NA,NA,NA,NA,NA,NA,NA,NA,NA,NA,NA,3,NA,NA,NA,NA,3,1.5,1.5,NA,NA,NA,NA,NA,NA,NA,NA,NA,NA,NA,NA,NA,NA,NA,100,100
Ostracoda,1078,class,NA,NA,NA,Ostracoda,Arthropoda,10,34,FALSE,NA,NA,NA,NA,NA,NA,NA,NA,NA,NA,NA,NA,NA,NA,NA,NA,NA,NA,NA,NA,NA,NA,NA,NA,NA,NA,NA,NA,NA,NA,NA,NA,NA,NA,NA,NA,NA,NA,NA,NA,NA,NA
Exogone dispar,333453,species,Exogone,Syllidae,Phyllodocida,Polychaeta,Annelida,6,33,FALSE,NA,NA,NA,NA,NA,NA,NA,NA,NA,NA,NA,NA,NA,NA,NA,NA,NA,NA,NA,NA,NA,NA,NA,NA,NA,NA,NA,NA,NA,NA,NA,NA,NA,NA,NA,NA,NA,NA,NA,NA,NA,NA
Scoloplos armiger,130537,species,Scoloplos,Orbiniidae,NA,Polychaeta,Annelida,18,32,TRUE,Medium(11-20 cm),3-5 years,"Surface deposit feeder, Sub-surface deposit feeder",Burrower,Vermiform segmented,Diffusive mixing,NA,NA,NA,NA,NA,NA,NA,NA,NA,NA,NA,3,NA,NA,3,NA,NA,3,NA,NA,NA,NA,NA,NA,NA,NA,NA,NA,NA,NA,NA,NA,NA,NA,3,5
Scoloplos armiger,334772,species,Scoloplos,Orbiniidae,NA,Polychaeta,Annelida,18,32,TRUE,Medium(11-20 cm),3-5 years,"Surface deposit feeder, Sub-surface deposit feeder",Burrower,Vermiform segmented,Diffusive mixing,NA,NA,NA,NA,NA,NA,NA,NA,NA,NA,NA,3,NA,NA,3,NA,NA,3,NA,NA,NA,NA,NA,NA,NA,NA,NA,NA,NA,NA,NA,NA,NA,NA,3,5
Ascidiacea,1839,class,NA,NA,NA,Ascidiacea,Chordata,9,31,FALSE,NA,NA,NA,NA,NA,NA,NA,NA,NA,NA,NA,NA,NA,NA,NA,NA,NA,NA,NA,NA,NA,NA,NA,NA,NA,NA,NA,NA,NA,NA,NA,NA,NA,NA,NA,NA,NA,NA,NA,NA,NA,NA
Euclymene,129347,genus,Euclymene,Maldanidae,NA,Polychaeta,Annelida,13,31,FALSE,NA,NA,NA,NA,NA,NA,NA,NA,NA,NA,NA,NA,NA,NA,NA,NA,NA,NA,NA,NA,NA,NA,NA,NA,NA,NA,NA,NA,NA,NA,NA,NA,NA,NA,NA,NA,NA,NA,NA,NA,NA,NA
Hesiospina aurantiaca,130163,species,Hesiospina,Hesionidae,Phyllodocida,Polychaeta,Annelida,9,31,FALSE,NA,NA,NA,NA,NA,NA,NA,NA,NA,NA,NA,NA,NA,NA,NA,NA,NA,NA,NA,NA,NA,NA,NA,NA,NA,NA,NA,NA,NA,NA,NA,NA,NA,NA,NA,NA,NA,NA,NA,NA,NA,NA
Hesiospina aurantiaca,333615,species,Hesiospina,Hesionidae,Phyllodocida,Polychaeta,Annelida,9,31,FALSE,NA,NA,NA,NA,NA,NA,NA,NA,NA,NA,NA,NA,NA,NA,NA,NA,NA,NA,NA,NA,NA,NA,NA,NA,NA,NA,NA,NA,NA,NA,NA,NA,NA,NA,NA,NA,NA,NA,NA,NA,NA,NA
Magelona alleni,130266,species,Magelona,Magelonidae,NA,Polychaeta,Annelida,17,30,FALSE,NA,NA,NA,NA,NA,NA,NA,NA,NA,NA,NA,NA,NA,NA,NA,NA,NA,NA,NA,NA,NA,NA,NA,NA,NA,NA,NA,NA,NA,NA,NA,NA,NA,NA,NA,NA,NA,NA,NA,NA,NA,NA
Oweniidae,975,family,NA,Oweniidae,NA,Polychaeta,Annelida,17,30,FALSE,NA,NA,NA,NA,NA,NA,NA,NA,NA,NA,NA,NA,NA,NA,NA,NA,NA,NA,NA,NA,NA,NA,NA,NA,NA,NA,NA,NA,NA,NA,NA,NA,NA,NA,NA,NA,NA,NA,NA,NA,NA,NA
Labidoplax buskii,124455,species,Labidoplax,Synaptidae,Apodida,Holothuroidea,Echinodermata,5,28,FALSE,NA,NA,NA,NA,NA,NA,NA,NA,NA,NA,NA,NA,NA,NA,NA,NA,NA,NA,NA,NA,NA,NA,NA,NA,NA,NA,NA,NA,NA,NA,NA,NA,NA,NA,NA,NA,NA,NA,NA,NA,NA,NA
Musculus subpictus,506128,species,Musculus,Mytilidae,Mytilida,Bivalvia,Mollusca,2,28,FALSE,NA,NA,NA,NA,NA,NA,NA,NA,NA,NA,NA,NA,NA,NA,NA,NA,NA,NA,NA,NA,NA,NA,NA,NA,NA,NA,NA,NA,NA,NA,NA,NA,NA,NA,NA,NA,NA,NA,NA,NA,NA,NA
Corophium,101489,genus,Corophium,Corophiidae,Amphipoda,Malacostraca,Arthropoda,8,27,FALSE,NA,NA,NA,NA,NA,NA,NA,NA,NA,NA,NA,NA,NA,NA,NA,NA,NA,NA,NA,NA,NA,NA,NA,NA,NA,NA,NA,NA,NA,NA,NA,NA,NA,NA,NA,NA,NA,NA,NA,NA,NA,NA
Jasmineira caudata,130920,species,Jasmineira,Sabellidae,Sabellida,Polychaeta,Annelida,10,27,FALSE,NA,NA,NA,NA,NA,NA,NA,NA,NA,NA,NA,NA,NA,NA,NA,NA,NA,NA,NA,NA,NA,NA,NA,NA,NA,NA,NA,NA,NA,NA,NA,NA,NA,NA,NA,NA,NA,NA,NA,NA,NA,NA
Pisione remota,130707,species,Pisione,Sigalionidae,Phyllodocida,Polychaeta,Annelida,6,27,TRUE,Small-medium(3-10cm),NA,"Predator, Scavenger",Burrower,NA,NA,NA,NA,NA,NA,NA,NA,NA,NA,NA,1,1,1,NA,NA,NA,NA,NA,NA,NA,NA,1.5,NA,1.5,NA,NA,NA,NA,NA,NA,NA,NA,NA,NA,NA,NA,NA
Anobothrus gracilis,129789,species,Anobothrus,Ampharetidae,Terebellida,Polychaeta,Annelida,15,26,FALSE,NA,NA,NA,NA,NA,NA,NA,NA,NA,NA,NA,NA,NA,NA,NA,NA,NA,NA,NA,NA,NA,NA,NA,NA,NA,NA,NA,NA,NA,NA,NA,NA,NA,NA,NA,NA,NA,NA,NA,NA,NA,NA
Dexamine thea,102136,species,Dexamine,Dexaminidae,Amphipoda,Malacostraca,Arthropoda,4,26,FALSE,NA,NA,NA,NA,NA,NA,NA,NA,NA,NA,NA,NA,NA,NA,NA,NA,NA,NA,NA,NA,NA,NA,NA,NA,NA,NA,NA,NA,NA,NA,NA,NA,NA,NA,NA,NA,NA,NA,NA,NA,NA,NA
Gastropoda,101,class,NA,NA,NA,Gastropoda,Mollusca,4,26,FALSE,NA,NA,NA,NA,NA,NA,NA,NA,NA,NA,NA,NA,NA,NA,NA,NA,NA,NA,NA,NA,NA,NA,NA,NA,NA,NA,NA,NA,NA,NA,NA,NA,NA,NA,NA,NA,NA,NA,NA,NA,NA,NA
Nuculana minuta,140577,species,Nuculana,Nuculanidae,Nuculanida,Bivalvia,Mollusca,10,26,FALSE,Small(1-2cm),NA,NA,NA,NA,NA,NA,NA,NA,NA,NA,NA,NA,NA,3,NA,NA,NA,NA,NA,NA,NA,NA,NA,NA,NA,NA,NA,NA,NA,NA,NA,NA,NA,NA,NA,NA,NA,NA,NA,NA,NA
Pelonaia corrugata,103894,species,Pelonaia,Styelidae,Stolidobranchia,Ascidiacea,Chordata,5,26,FALSE,Medium(11-20 cm),NA,NA,NA,NA,NA,NA,NA,NA,NA,NA,NA,NA,NA,NA,NA,NA,3,NA,NA,NA,NA,NA,NA,NA,NA,NA,NA,NA,NA,NA,NA,NA,NA,NA,NA,NA,NA,NA,NA,NA,NA
Spirobranchus lamarcki,560033,species,Spirobranchus,Serpulidae,Sabellida,Polychaeta,Annelida,8,26,FALSE,NA,NA,NA,NA,NA,NA,NA,NA,NA,NA,NA,NA,NA,NA,NA,NA,NA,NA,NA,NA,NA,NA,NA,NA,NA,NA,NA,NA,NA,NA,NA,NA,NA,NA,NA,NA,NA,NA,NA,NA,NA,NA
Cheirocratus,101669,genus,Cheirocratus,Cheirocratidae,Amphipoda,Malacostraca,Arthropoda,9,25,FALSE,NA,NA,NA,NA,NA,NA,NA,NA,NA,NA,NA,NA,NA,NA,NA,NA,NA,NA,NA,NA,NA,NA,NA,NA,NA,NA,NA,NA,NA,NA,NA,NA,NA,NA,NA,NA,NA,NA,NA,NA,NA,NA
Trichobranchus roseus,131575,species,Trichobranchus,Trichobranchidae,Terebellida,Polychaeta,Annelida,15,25,FALSE,NA,NA,NA,NA,NA,NA,NA,NA,NA,NA,NA,NA,NA,NA,NA,NA,NA,NA,NA,NA,NA,NA,NA,NA,NA,NA,NA,NA,NA,NA,NA,NA,NA,NA,NA,NA,NA,NA,NA,NA,NA,NA
Akera bullata,138734,species,Akera,Akeridae,Aplysiida,Gastropoda,Mollusca,1,24,FALSE,NA,NA,NA,NA,NA,NA,NA,NA,NA,NA,NA,NA,NA,NA,NA,NA,NA,NA,NA,NA,NA,NA,NA,NA,NA,NA,NA,NA,NA,NA,NA,NA,NA,NA,NA,NA,NA,NA,NA,NA,NA,NA
Calocaris macandreae,107726,species,Calocaris,Axiidae,Decapoda,Malacostraca,Arthropoda,18,24,FALSE,Small-medium(3-10cm),NA,NA,NA,NA,NA,NA,NA,NA,NA,NA,NA,NA,NA,NA,1,1,1,NA,NA,NA,NA,NA,NA,NA,NA,NA,NA,NA,NA,NA,NA,NA,NA,NA,NA,NA,NA,NA,NA,NA,NA
Mya truncata,140431,species,Mya,Myidae,Myida,Bivalvia,Mollusca,8,24,FALSE,Small-medium(3-10cm),NA,NA,NA,NA,NA,NA,NA,NA,NA,NA,NA,NA,NA,NA,1,1,1,NA,NA,NA,NA,NA,NA,NA,NA,NA,NA,NA,NA,NA,NA,NA,NA,NA,NA,NA,NA,NA,NA,NA,NA
Platyhelminthes,793,genus,NA,NA,NA,NA,Platyhelminthes,15,24,FALSE,NA,NA,NA,NA,NA,NA,NA,NA,NA,NA,NA,NA,NA,NA,NA,NA,NA,NA,NA,NA,NA,NA,NA,NA,NA,NA,NA,NA,NA,NA,NA,NA,NA,NA,NA,NA,NA,NA,NA,NA,NA,NA
Polycirrini,1448694,genus,NA,Terebellidae,Terebellida,Polychaeta,Annelida,19,24,FALSE,NA,NA,NA,NA,NA,NA,NA,NA,NA,NA,NA,NA,NA,NA,NA,NA,NA,NA,NA,NA,NA,NA,NA,NA,NA,NA,NA,NA,NA,NA,NA,NA,NA,NA,NA,NA,NA,NA,NA,NA,NA,NA
Sabellidae,985,family,NA,Sabellidae,Sabellida,Polychaeta,Annelida,12,24,FALSE,NA,NA,NA,NA,NA,NA,NA,NA,NA,NA,NA,NA,NA,NA,NA,NA,NA,NA,NA,NA,NA,NA,NA,NA,NA,NA,NA,NA,NA,NA,NA,NA,NA,NA,NA,NA,NA,NA,NA,NA,NA,NA
Anoplodactylus petiolatus,134723,species,Anoplodactylus,Phoxichilidiidae,Pantopoda,Pycnogonida,Arthropoda,15,23,TRUE,Very small(<1cm),NA,"Predator, Scavenger","Swimmer, Crawler",NA,NA,NA,NA,NA,NA,NA,NA,1.5,1.5,NA,NA,NA,NA,NA,NA,NA,NA,NA,NA,NA,NA,1.5,NA,1.5,NA,NA,NA,NA,NA,NA,NA,NA,NA,NA,NA,NA,NA
Chaetozone gibber,129953,species,Chaetozone,Cirratulidae,Terebellida,Polychaeta,Annelida,16,23,FALSE,NA,NA,NA,NA,NA,NA,NA,NA,NA,NA,NA,NA,NA,NA,NA,NA,NA,NA,NA,NA,NA,NA,NA,NA,NA,NA,NA,NA,NA,NA,NA,NA,NA,NA,NA,NA,NA,NA,NA,NA,NA,NA
Eteone longa,130616,species,Eteone,Phyllodocidae,Phyllodocida,Polychaeta,Annelida,13,23,TRUE,Small-medium(3-10cm),1-2 years,"Predator, Scavenger","Swimmer, Crawler, Burrower",NA,NA,NA,NA,NA,NA,NA,NA,NA,NA,NA,1,1,1,NA,3,NA,NA,NA,NA,NA,NA,1.5,NA,1.5,NA,NA,NA,NA,NA,NA,NA,NA,NA,NA,NA,1,2
Malacostraca,1071,class,NA,NA,NA,Malacostraca,Arthropoda,1,23,FALSE,NA,NA,NA,NA,NA,NA,NA,NA,NA,NA,NA,NA,NA,NA,NA,NA,NA,NA,NA,NA,NA,NA,NA,NA,NA,NA,NA,NA,NA,NA,NA,NA,NA,NA,NA,NA,NA,NA,NA,NA,NA,NA
Maldanidae,923,family,NA,Maldanidae,NA,Polychaeta,Annelida,14,23,FALSE,NA,NA,NA,NA,NA,NA,NA,NA,NA,NA,NA,NA,NA,NA,NA,NA,NA,NA,NA,NA,NA,NA,NA,NA,NA,NA,NA,NA,NA,NA,NA,NA,NA,NA,NA,NA,NA,NA,NA,NA,NA,NA
Pista cristata,131516,species,Pista,Terebellidae,Terebellida,Polychaeta,Annelida,17,23,FALSE,Small-medium(3-10cm),NA,NA,NA,NA,NA,NA,NA,NA,NA,NA,NA,NA,NA,NA,1,1,1,NA,NA,NA,NA,NA,NA,NA,NA,NA,NA,NA,NA,NA,NA,NA,NA,NA,NA,NA,NA,NA,NA,NA,NA
Copepoda,1080,class,NA,NA,NA,Copepoda,Arthropoda,3,22,FALSE,NA,NA,NA,NA,NA,NA,NA,NA,NA,NA,NA,NA,NA,NA,NA,NA,NA,NA,NA,NA,NA,NA,NA,NA,NA,NA,NA,NA,NA,NA,NA,NA,NA,NA,NA,NA,NA,NA,NA,NA,NA,NA
Jasmineira elegans,130921,species,Jasmineira,Sabellidae,Sabellida,Polychaeta,Annelida,5,22,FALSE,NA,NA,NA,NA,NA,NA,NA,NA,NA,NA,NA,NA,NA,NA,NA,NA,NA,NA,NA,NA,NA,NA,NA,NA,NA,NA,NA,NA,NA,NA,NA,NA,NA,NA,NA,NA,NA,NA,NA,NA,NA,NA
Scoletoma fragilis,130261,species,Scoletoma,Lumbrineridae,Eunicida,Polychaeta,Annelida,15,22,FALSE,NA,NA,NA,NA,NA,NA,NA,NA,NA,NA,NA,NA,NA,NA,NA,NA,NA,NA,NA,NA,NA,NA,NA,NA,NA,NA,NA,NA,NA,NA,NA,NA,NA,NA,NA,NA,NA,NA,NA,NA,NA,NA
Spio decorata,152314,species,Spio,Spionidae,Spionida,Polychaeta,Annelida,13,22,FALSE,NA,NA,NA,NA,NA,NA,NA,NA,NA,NA,NA,NA,NA,NA,NA,NA,NA,NA,NA,NA,NA,NA,NA,NA,NA,NA,NA,NA,NA,NA,NA,NA,NA,NA,NA,NA,NA,NA,NA,NA,NA,NA
Spio decorata,334397,species,Paraspio,Spionidae,Spionida,Polychaeta,Annelida,13,22,FALSE,NA,NA,NA,NA,NA,NA,NA,NA,NA,NA,NA,NA,NA,NA,NA,NA,NA,NA,NA,NA,NA,NA,NA,NA,NA,NA,NA,NA,NA,NA,NA,NA,NA,NA,NA,NA,NA,NA,NA,NA,NA,NA
Tectura virginea,153552,species,Tectura,Lottiidae,Nacellida,Gastropoda,Mollusca,3,22,FALSE,NA,NA,NA,NA,NA,NA,NA,NA,NA,NA,NA,NA,NA,NA,NA,NA,NA,NA,NA,NA,NA,NA,NA,NA,NA,NA,NA,NA,NA,NA,NA,NA,NA,NA,NA,NA,NA,NA,NA,NA,NA,NA
Galathea intermedia,107150,species,Galathea,Galatheidae,Decapoda,Malacostraca,Arthropoda,11,21,FALSE,Small(1-2cm),NA,NA,NA,NA,NA,NA,NA,NA,NA,NA,NA,NA,NA,3,NA,NA,NA,NA,NA,NA,NA,NA,NA,NA,NA,NA,NA,NA,NA,NA,NA,NA,NA,NA,NA,NA,NA,NA,NA,NA,NA
Gari fervensis,140870,species,Gari,Psammobiidae,Cardiida,Bivalvia,Mollusca,15,21,FALSE,Small-medium(3-10cm),NA,NA,NA,NA,NA,NA,NA,NA,NA,NA,NA,NA,NA,NA,1,1,1,NA,NA,NA,NA,NA,NA,NA,NA,NA,NA,NA,NA,NA,NA,NA,NA,NA,NA,NA,NA,NA,NA,NA,NA
Harpinia antennaria,102960,species,Harpinia,Phoxocephalidae,Amphipoda,Malacostraca,Arthropoda,12,21,FALSE,Very small(<1cm),NA,NA,NA,NA,NA,NA,NA,NA,NA,NA,NA,1.5,1.5,NA,NA,NA,NA,NA,NA,NA,NA,NA,NA,NA,NA,NA,NA,NA,NA,NA,NA,NA,NA,NA,NA,NA,NA,NA,NA,NA,NA
Leptocheirus pilosus,102040,species,Leptocheirus,Corophiidae,Amphipoda,Malacostraca,Arthropoda,2,21,FALSE,NA,NA,NA,NA,NA,NA,NA,NA,NA,NA,NA,NA,NA,NA,NA,NA,NA,NA,NA,NA,NA,NA,NA,NA,NA,NA,NA,NA,NA,NA,NA,NA,NA,NA,NA,NA,NA,NA,NA,NA,NA,NA
Mya arenaria,140430,species,Mya,Myidae,Myida,Bivalvia,Mollusca,9,21,TRUE,Medium(11-20 cm),11-20 years,"Passive suspension feeder, Active suspension feeder",Burrower,Bivalved,NA,NA,NA,NA,NA,NA,NA,NA,NA,NA,NA,NA,3,NA,NA,NA,NA,3,NA,3,NA,NA,NA,NA,NA,NA,NA,NA,NA,NA,NA,NA,NA,NA,NA,11,20
Ophiuroidea,123084,class,NA,NA,NA,Ophiuroidea,Echinodermata,10,21,FALSE,NA,NA,NA,NA,NA,NA,NA,NA,NA,NA,NA,NA,NA,NA,NA,NA,NA,NA,NA,NA,NA,NA,NA,NA,NA,NA,NA,NA,NA,NA,NA,NA,NA,NA,NA,NA,NA,NA,NA,NA,NA,NA
Phoronis muelleri,128549,species,Phoronis,Phoronidae,NA,NA,Phoronida,13,21,TRUE,Small-medium(3-10cm),1 year,"Passive suspension feeder, Active suspension feeder",NA,NA,NA,NA,NA,NA,NA,NA,NA,NA,NA,NA,1,1,1,NA,NA,NA,NA,NA,NA,3,NA,NA,NA,NA,NA,NA,NA,NA,NA,NA,NA,NA,NA,NA,NA,1,1
Chaetozone christiei,152217,species,Chaetozone,Cirratulidae,Terebellida,Polychaeta,Annelida,6,20,FALSE,NA,NA,NA,NA,NA,NA,NA,NA,NA,NA,NA,NA,NA,NA,NA,NA,NA,NA,NA,NA,NA,NA,NA,NA,NA,NA,NA,NA,NA,NA,NA,NA,NA,NA,NA,NA,NA,NA,NA,NA,NA,NA
Ichnopus,1362571,genus,Glycera,Lysianassidae,Amphipoda,Malacostraca,Arthropoda,14,20,FALSE,NA,NA,NA,NA,NA,NA,NA,NA,NA,NA,NA,NA,NA,NA,NA,NA,NA,NA,NA,NA,NA,NA,NA,NA,NA,NA,NA,NA,NA,NA,NA,NA,NA,NA,NA,NA,NA,NA,NA,NA,NA,NA
Ophiocten affinis,124850,species,Ophiocten,Ophiuridae,Ophiurida,Ophiuroidea,Echinodermata,12,20,FALSE,NA,NA,NA,NA,NA,NA,NA,NA,NA,NA,NA,NA,NA,NA,NA,NA,NA,NA,NA,NA,NA,NA,NA,NA,NA,NA,NA,NA,NA,NA,NA,NA,NA,NA,NA,NA,NA,NA,NA,NA,NA,NA